rank,zip,population,income,startups,national_rank,unit,ca,station,line,income_index,startups_index,income_prop,startups_prop,total entries
1,10007,3522,112947,4,132,R044,R210,BROOKLYN BRIDGE,456JZ,2.25,0.36,0.06,0.01,1573620
1,10007,3522,112947,4,132,R044,R210A,BROOKLYN BRIDGE,JZ456,2.25,0.36,0.06,0.01,496356
1,10007,3522,112947,4,132,R029,N091,CHAMBERS ST,ACE23,2.25,0.36,0.06,0.01,1267760
1,10007,3522,112947,4,132,R029,N092,CHAMBERS ST,ACE23,2.25,0.36,0.06,0.01,2332054
1,10007,3522,112947,4,132,R030,R116,CHAMBERS ST,123,2.25,0.36,0.06,0.01,2090235
1,10007,3522,112947,4,132,R044,A069,CHAMBERS ST,456JZ,2.25,0.36,0.06,0.01,619642
1,10007,3522,112947,4,132,R044,A071,CHAMBERS ST,JZ456,2.25,0.36,0.06,0.01,429611
1,10007,3522,112947,4,132,R029,R115,PARK PLACE,23ACE,2.25,0.36,0.06,0.01,355506
1,10007,3522,112947,4,132,R029,N094,WORLD TRADE CTR,23ACE,2.25,0.36,0.06,0.01,1562081
4,10004,1225,101868,7,238,R125,A083,BROAD ST,JZ,2.03,0.63,0.05,0.02,208749
4,10004,1225,101868,7,238,R125,A084,BROAD ST,JZ,2.03,0.63,0.05,0.02,400552
4,10004,1225,101868,7,238,R125,A085,BROAD ST,JZ,2.03,0.63,0.05,0.02,0
4,10004,1225,101868,7,238,R001,A060,WHITEHALL ST,R1,2.03,0.63,0.05,0.02,1316681
4,10004,1225,101868,7,238,R001,A058,WHITEHALL ST,R1,2.03,0.63,0.05,0.02,408599
7,10006,1447,81334,2,766,R227,A055,RECTOR ST,R,1.62,0.18,0.04,0.0,219067
7,10006,1447,81334,2,766,R227,A054,RECTOR ST,R,1.62,0.18,0.04,0.0,433617
7,10006,1447,81334,2,766,R304,R103,RECTOR ST,1,1.62,0.18,0.04,0.0,584212
7,10006,1447,81334,2,766,R304,R102,RECTOR ST,1,1.62,0.18,0.04,0.0,401680
8,10022,30642,80406,6,820,R015,N303,5 AVE-53 ST,EM,1.6,0.54,0.04,0.01,1470217
8,10022,30642,80406,6,820,R015,N304,5 AVE-53 ST,EM,1.6,0.54,0.04,0.01,987712
8,10022,30642,80406,6,820,R049,R243,51 ST,6,1.6,0.54,0.04,0.01,981049
8,10022,30642,80406,6,820,R049,R242,51 ST,6,1.6,0.54,0.04,0.01,1134089
8,10022,30642,80406,6,820,R049,R242A,51 ST,6,1.6,0.54,0.04,0.01,69550
8,10022,30642,80406,6,820,R050,R244,59 ST,456NQR,1.6,0.54,0.04,0.01,1389933
8,10022,30642,80406,6,820,R050,R244A,59 ST,456NQR,1.6,0.54,0.04,0.01,1447432
8,10022,30642,80406,6,820,R051,R245,59 ST,456NQR,1.6,0.54,0.04,0.01,861250
8,10022,30642,80406,6,820,R051,R245A,59 ST,456NQR,1.6,0.54,0.04,0.01,1302746
8,10022,30642,80406,6,820,R051,A002,LEXINGTON AVE,456NQR,1.6,0.54,0.04,0.01,1719564
8,10022,30642,80406,6,820,R468,TRAM1,RIT-MANHATTAN,R,1.6,0.54,0.04,0.01,489702
9,10005,884,79517,4,860,R043,R203,WALL ST,45,1.58,0.36,0.04,0.01,1766961
9,10005,884,79517,4,860,R043,R203A,WALL ST,45,1.58,0.36,0.04,0.01,80165
9,10005,884,79517,4,860,R043,R204,WALL ST,45,1.58,0.36,0.04,0.01,306677
9,10005,884,79517,4,860,R043,R204A,WALL ST,45,1.58,0.36,0.04,0.01,51930
10,10024,61414,78066,5,935,R166,R162,79 ST,1,1.55,0.45,0.04,0.01,1209779
10,10024,61414,78066,5,935,R166,R163,79 ST,1,1.55,0.45,0.04,0.01,488049
10,10024,61414,78066,5,935,R167,R164,86 ST,1,1.55,0.45,0.04,0.01,922859
10,10024,61414,78066,5,935,R167,R165,86 ST,1,1.55,0.45,0.04,0.01,595229
10,10024,61414,78066,5,935,R167,R166,86 ST,1,1.55,0.45,0.04,0.01,423622
10,10024,61414,78066,5,935,R186,N043,86 ST,BC,1.55,0.45,0.04,0.01,1061700
11,10028,44987,77565,1,955,R179,R250,86 ST,456,1.54,0.09,0.04,0.0,5189032
11,10028,44987,77565,1,955,R179,R249,86 ST,456,1.54,0.09,0.04,0.0,1346421
12,10021,102078,75472,2,1082,R319,N601,LEXINGTON AVE,F,1.5,0.18,0.04,0.0,1127965
13,10023,62206,72424,4,1297,R084,N049,59 ST-COLUMBUS,1ABCD,1.44,0.36,0.04,0.01,2036199
13,10023,62206,72424,4,1297,R084,N051,59 ST-COLUMBUS,ABCD1,1.44,0.36,0.04,0.01,3530927
13,10023,62206,72424,4,1297,R084,R158,59 ST-COLUMBUS,1ABCD,1.44,0.36,0.04,0.01,1415547
13,10023,62206,72424,4,1297,R281,N046,72 ST,BC,1.44,0.36,0.04,0.01,1010672
13,10023,62206,72424,4,1297,R452,R161B,72 ST,123,1.44,0.36,0.04,0.01,2202328
13,10023,62206,72424,4,1297,R452,R161A,72 ST,123,1.44,0.36,0.04,0.01,1946488
13,10023,62206,72424,4,1297,R187,N044,81 ST-MUSEUM,BC,1.44,0.36,0.04,0.01,1086108
13,10023,62206,72424,4,1297,R187,N045,81 ST-MUSEUM,BC,1.44,0.36,0.04,0.01,489961
15,10017,16201,69273,5,1611,R045,R236,42 ST-GRD CNTRL,4567S,1.38,0.45,0.04,0.01,2280803
15,10017,16201,69273,5,1611,R046,R238,42 ST-GRD CNTRL,4567S,1.38,0.45,0.04,0.01,6882244
15,10017,16201,69273,5,1611,R046,R237,42 ST-GRD CNTRL,4567S,1.38,0.45,0.04,0.01,748534
15,10017,16201,69273,5,1611,R047,R240,42 ST-GRD CNTRL,4567S,1.38,0.45,0.04,0.01,3755833
15,10017,16201,69273,5,1611,R047,R237B,42 ST-GRD CNTRL,4567S,1.38,0.45,0.04,0.01,362416
15,10017,16201,69273,5,1611,R048,R241A,42 ST-GRD CNTRL,4567S,1.38,0.45,0.04,0.01,1163309
16,10014,32667,66601,20,1931,R290,R123,HOUSTON ST,1,1.33,1.8,0.03,0.05,571145
16,10014,32667,66601,20,1931,R290,R121,HOUSTON ST,1,1.33,1.8,0.03,0.05,511579
16,10014,32667,66601,20,1931,R290,R122,HOUSTON ST,1,1.33,1.8,0.03,0.05,115552
16,10014,32667,66601,20,1931,R290,R124,HOUSTON ST,1,1.33,1.8,0.03,0.05,176974
17,10016,51217,66342,27,1954,R143,R228,28 ST,6,1.32,2.43,0.03,0.06,775887
17,10016,51217,66342,27,1954,R143,R229,28 ST,6,1.32,2.43,0.03,0.06,1473166
17,10016,51217,66342,27,1954,R143,R230,28 ST,6,1.32,2.43,0.03,0.06,61597
17,10016,51217,66342,27,1954,R176,R231,33 ST,6,1.32,2.43,0.03,0.06,1159310
17,10016,51217,66342,27,1954,R176,R231A,33 ST,6,1.32,2.43,0.03,0.06,727403
17,10016,51217,66342,27,1954,R176,R232,33 ST,6,1.32,2.43,0.03,0.06,828472
17,10016,51217,66342,27,1954,R176,R232A,33 ST,6,1.32,2.43,0.03,0.06,383442
18,10010,26408,62467,56,2471,R131,R227,23 ST,6,1.24,5.04,0.03,0.13,435937
18,10010,26408,62467,56,2471,R131,R227A,23 ST,6,1.24,5.04,0.03,0.13,1067698
18,10010,26408,62467,56,2471,R131,R226,23 ST,6,1.24,5.04,0.03,0.13,618105
18,10010,26408,62467,56,2471,R131,R226A,23 ST,6,1.24,5.04,0.03,0.13,219500
18,10010,26408,62467,56,2471,R083,A031,23 ST-5 AVE,NR,1.24,5.04,0.03,0.13,948230
18,10010,26408,62467,56,2471,R083,A030,23 ST-5 AVE,NR,1.24,5.04,0.03,0.13,1518957
19,10011,46669,61986,36,2569,R105,R127,14 ST,123FLM,1.23,3.24,0.03,0.09,1547063
19,10011,46669,61986,36,2569,R105,R128,14 ST,123FLM,1.23,3.24,0.03,0.09,734450
19,10011,46669,61986,36,2569,R175,N078,14 ST,ACEL,1.23,3.24,0.03,0.09,1931993
19,10011,46669,61986,36,2569,R163,N512,14 ST-6 AVE,FLM123,1.23,3.24,0.03,0.09,597409
19,10011,46669,61986,36,2569,R163,N510,14 ST-6 AVE,FLM123,1.23,3.24,0.03,0.09,386771
19,10011,46669,61986,36,2569,R163,N511,14 ST-6 AVE,FLM123,1.23,3.24,0.03,0.09,422379
19,10011,46669,61986,36,2569,R163,N513,14 ST-6 AVE,FLM123,1.23,3.24,0.03,0.09,406274
19,10011,46669,61986,36,2569,R545,PTH11,14TH STREET,1,1.23,3.24,0.03,0.09,938698
19,10011,46669,61986,36,2569,R321,R129,18 ST,1,1.23,3.24,0.03,0.09,597803
19,10011,46669,61986,36,2569,R321,R130,18 ST,1,1.23,3.24,0.03,0.09,216182
19,10011,46669,61986,36,2569,R111,N076,23 ST,CE,1.23,3.24,0.03,0.09,1403885
19,10011,46669,61986,36,2569,R111,N075,23 ST,CE,1.23,3.24,0.03,0.09,474456
19,10011,46669,61986,36,2569,R111,N077,23 ST,CE,1.23,3.24,0.03,0.09,620165
19,10011,46669,61986,36,2569,R190,R131,23 ST,1,1.23,3.24,0.03,0.09,1064857
19,10011,46669,61986,36,2569,R190,R132,23 ST,1,1.23,3.24,0.03,0.09,440242
19,10011,46669,61986,36,2569,R453,N508,23 ST-6 AVE,FM,1.23,3.24,0.03,0.09,931018
19,10011,46669,61986,36,2569,R163,H003,6 AVE,FLM123,1.23,3.24,0.03,0.09,605876
19,10011,46669,61986,36,2569,R175,H001,8 AVE,ACEL,1.23,3.24,0.03,0.09,2856084
19,10011,46669,61986,36,2569,R189,R125,CHRISTOPHER ST,1,1.23,3.24,0.03,0.09,818901
19,10011,46669,61986,36,2569,R189,R126,CHRISTOPHER ST,1,1.23,3.24,0.03,0.09,227917
19,10011,46669,61986,36,2569,R542,PTH12,TWENTY THIRD ST,1,1.23,3.24,0.03,0.09,819402
19,10011,46669,61986,36,2569,R138,N080,W 4 ST-WASH SQ,ABCDEFM,1.23,3.24,0.03,0.09,1571307
19,10011,46669,61986,36,2569,R138,N083,W 4 ST-WASH SQ,ABCDEFM,1.23,3.24,0.03,0.09,2793637
20,10003,53673,60891,55,2796,R170,A035,14 ST-UNION SQ,LNQR456,1.21,4.95,0.03,0.13,1024321
20,10003,53673,60891,55,2796,R170,A033,14 ST-UNION SQ,456LNQR,1.21,4.95,0.03,0.13,2109724
20,10003,53673,60891,55,2796,R170,A034,14 ST-UNION SQ,LNQR456,1.21,4.95,0.03,0.13,2478682
20,10003,53673,60891,55,2796,R170,A037,14 ST-UNION SQ,LNRQ456,1.21,4.95,0.03,0.13,1864357
20,10003,53673,60891,55,2796,R170,R221,14 ST-UNION SQ,LNQR456,1.21,4.95,0.03,0.13,3607649
20,10003,53673,60891,55,2796,R330,H005,3 AVE,L,1.21,4.95,0.03,0.13,268014
20,10003,53673,60891,55,2796,R330,H006,3 AVE,L,1.21,4.95,0.03,0.13,466595
20,10003,53673,60891,55,2796,R085,A038,8 ST-B'WAY NYU,NR,1.21,4.95,0.03,0.13,1248984
20,10003,53673,60891,55,2796,R085,A039,8 ST-B'WAY NYU,NR,1.21,4.95,0.03,0.13,510299
20,10003,53673,60891,55,2796,R160,R219,ASTOR PLACE,6,1.21,4.95,0.03,0.13,1216706
20,10003,53673,60891,55,2796,R160,R220,ASTOR PLACE,6,1.21,4.95,0.03,0.13,397779
20,10003,53673,60891,55,2796,R041,R201,BOWLING GREEN,45,1.21,4.95,0.03,0.13,936362
20,10003,53673,60891,55,2796,R041,R200A,BOWLING GREEN,45,1.21,4.95,0.03,0.13,1726700
20,10003,53673,60891,55,2796,R042,R202,BOWLING GREEN,45,1.21,4.95,0.03,0.13,612440
20,10003,53673,60891,55,2796,R461,N519,BROADWAY/LAFAY,BDFQ6,1.21,4.95,0.03,0.13,1486116
20,10003,53673,60891,55,2796,R461,N519A,BROADWAY/LAFAY,BDFQ6,1.21,4.95,0.03,0.13,938630
20,10003,53673,60891,55,2796,R086,A041,PRINCE ST-B'WAY,NR,1.21,4.95,0.03,0.13,1226077
20,10003,53673,60891,55,2796,R086,A042,PRINCE ST-B'WAY,NR,1.21,4.95,0.03,0.13,496956
21,10012,26000,58313,34,3310,R194,R217A,BLEECKER ST,6DF,1.16,3.06,0.03,0.08,1511613
21,10012,26000,58313,34,3310,R311,A064,BOWERY,JZ,1.16,3.06,0.03,0.08,373312
21,10012,26000,58313,34,3310,R282,N086,SPRING ST,CE,1.16,3.06,0.03,0.08,895598
21,10012,26000,58313,34,3310,R282,N087,SPRING ST,CE,1.16,3.06,0.03,0.08,321667
21,10012,26000,58313,34,3310,R322,R215,SPRING ST,6,1.16,3.06,0.03,0.08,1008083
21,10012,26000,58313,34,3310,R322,R216,SPRING ST,6,1.16,3.06,0.03,0.08,184642
22,10019,36012,55869,8,3901,R203,N509,23 ST-6 AVE,FM,1.11,0.72,0.03,0.02,1486369
22,10019,36012,55869,8,3901,R021,N503,42 ST-BRYANT PK,BDFM7,1.11,0.72,0.03,0.02,968173
22,10019,36012,55869,8,3901,R021,N502,42 ST-BRYANT PK,BDFM7,1.11,0.72,0.03,0.02,1319612
22,10019,36012,55869,8,3901,R021,N504,42 ST-BRYANT PK,BDFM7,1.11,0.72,0.03,0.02,1628549
22,10019,36012,55869,8,3901,R032,A021,42 ST-TIMES SQ,1237ACENQRS,1.11,0.72,0.03,0.02,1166761
22,10019,36012,55869,8,3901,R032,R145,42 ST-TIMES SQ,1237ACENQRS,1.11,0.72,0.03,0.02,1209506
22,10019,36012,55869,8,3901,R032,R143,42 ST-TIMES SQ,ACENQRS1237,1.11,0.72,0.03,0.02,1378311
22,10019,36012,55869,8,3901,R033,R151,42 ST-TIMES SQ,1237ACENQRS,1.11,0.72,0.03,0.02,2891674
22,10019,36012,55869,8,3901,R033,R148,42 ST-TIMES SQ,1237ACENQRS,1.11,0.72,0.03,0.02,1607331
22,10019,36012,55869,8,3901,R033,R147,42 ST-TIMES SQ,1237ACENQRS,1.11,0.72,0.03,0.02,2362134
22,10019,36012,55869,8,3901,R081,A015,49 ST-7 AVE,NQR,1.11,0.72,0.03,0.02,1068565
22,10019,36012,55869,8,3901,R081,A013,49 ST-7 AVE,NQR,1.11,0.72,0.03,0.02,737558
22,10019,36012,55869,8,3901,R081,A014,49 ST-7 AVE,NQR,1.11,0.72,0.03,0.02,196381
22,10019,36012,55869,8,3901,R081,A016,49 ST-7 AVE,NQR,1.11,0.72,0.03,0.02,404836
22,10019,36012,55869,8,3901,R116,R154,50 ST,1,1.11,0.72,0.03,0.02,1273989
22,10019,36012,55869,8,3901,R116,R155,50 ST,1,1.11,0.72,0.03,0.02,1254629
22,10019,36012,55869,8,3901,R188,N057,50 ST,CE,1.11,0.72,0.03,0.02,1265314
22,10019,36012,55869,8,3901,R188,N056,50 ST,CE,1.11,0.72,0.03,0.02,875405
22,10019,36012,55869,8,3901,R302,N600,57 ST,F,1.11,0.72,0.03,0.02,1463261
22,10019,36012,55869,8,3901,R080,A010,57 ST-7 AVE,NQR,1.11,0.72,0.03,0.02,1728168
22,10019,36012,55869,8,3901,R080,A011,57 ST-7 AVE,NQR,1.11,0.72,0.03,0.02,507603
22,10019,36012,55869,8,3901,R113,N301,7 AVE-53 ST,BDE,1.11,0.72,0.03,0.02,1044596
22,10019,36012,55869,8,3901,R113,N300,7 AVE-53 ST,BDE,1.11,0.72,0.03,0.02,679242
22,10019,36012,55869,8,3901,R541,PTH17,THIRTY THIRD ST,1,1.11,0.72,0.03,0.02,2374930
23,10044,9520,49976,0,5953,R259,N602,ROOSEVELT IS,F,0.99,0.0,0.03,0.0,598414
24,10025,97086,49733,1,6044,R191,R170,103 ST,1,0.99,0.09,0.03,0.0,1317661
24,10025,97086,49733,1,6044,R314,N037,103 ST,BC,0.99,0.09,0.03,0.0,492585
24,10025,97086,49733,1,6044,R192,R172,110 ST-CATHEDRL,1,0.99,0.09,0.03,0.0,1055599
24,10025,97086,49733,1,6044,R192,R171,110 ST-CATHEDRL,1,0.99,0.09,0.03,0.0,243582
24,10025,97086,49733,1,6044,R164,R160A,66 ST-LINCOLN,1,0.99,0.09,0.03,0.0,555912
24,10025,97086,49733,1,6044,R164,R159,66 ST-LINCOLN,1,0.99,0.09,0.03,0.0,578759
24,10025,97086,49733,1,6044,R164,R160,66 ST-LINCOLN,1,0.99,0.09,0.03,0.0,1077790
24,10025,97086,49733,1,6044,R168,R168A,96 ST,123,0.99,0.09,0.03,0.0,1394166
24,10025,97086,49733,1,6044,R251,N040,96 ST,BC,0.99,0.09,0.03,0.0,390792
24,10025,97086,49733,1,6044,R251,N039,96 ST,BC,0.99,0.09,0.03,0.0,578707
25,10018,4255,48705,23,6447,R054,R501,5 AVE-BRYANT PK,7BDFM,0.97,2.07,0.03,0.05,1203955
26,10036,18751,41002,18,11152,R010,N062A,42 ST-PA BUS TE,ACENQRS1237,0.82,1.62,0.02,0.04,2672680
26,10036,18751,41002,18,11152,R010,N060,42 ST-PA BUS TE,ACENQRS1237,0.82,1.62,0.02,0.04,1416026
26,10036,18751,41002,18,11152,R011,N063A,42 ST-PA BUS TE,ACENQRS1237,0.82,1.62,0.02,0.04,2513302
26,10036,18751,41002,18,11152,R011,N062,42 ST-PA BUS TE,ACENQRS1237,0.82,1.62,0.02,0.04,1669928
26,10036,18751,41002,18,11152,R011,N063,42 ST-PA BUS TE,ACENQRS1237,0.82,1.62,0.02,0.04,1610824
26,10036,18751,41002,18,11152,R020,N500,47-50 ST-ROCK,BDFM,0.82,1.62,0.02,0.04,2806686
26,10036,18751,41002,18,11152,R020,N501,47-50 ST-ROCK,BDFM,0.82,1.62,0.02,0.04,2011839
26,10036,18751,41002,18,11152,R020,N501A,47-50 ST-ROCK,BDFM,0.82,1.62,0.02,0.04,886424
27,10001,17310,40932,44,11228,R272,R133,28 ST,1,0.81,3.96,0.02,0.1,1000280
27,10001,17310,40932,44,11228,R272,R134,28 ST,1,0.81,3.96,0.02,0.1,446987
27,10001,17310,40932,44,11228,R082,A029,28 ST-BROADWAY,NR,0.81,3.96,0.02,0.1,574315
27,10001,17310,40932,44,11228,R082,A027,28 ST-BROADWAY,NR,0.81,3.96,0.02,0.1,713032
27,10001,17310,40932,44,11228,R022,A022,34 ST-HERALD SQ,BDFMNQR,0.81,3.96,0.02,0.1,1901376
27,10001,17310,40932,44,11228,R022,N506,34 ST-HERALD SQ,BDFMNQR,0.81,3.96,0.02,0.1,3487042
27,10001,17310,40932,44,11228,R022,N505,34 ST-HERALD SQ,BDFMNQR,0.81,3.96,0.02,0.1,2100372
27,10001,17310,40932,44,11228,R023,A025,34 ST-HERALD SQ,BDFMNQR,0.81,3.96,0.02,0.1,2499444
27,10001,17310,40932,44,11228,R023,N507,34 ST-HERALD SQ,BDFMNQR,0.81,3.96,0.02,0.1,2125310
27,10001,17310,40932,44,11228,R012,N067,34 ST-PENN STA,ACE,0.81,3.96,0.02,0.1,2401897
27,10001,17310,40932,44,11228,R012,N068,34 ST-PENN STA,ACE,0.81,3.96,0.02,0.1,751300
27,10001,17310,40932,44,11228,R012,N070,34 ST-PENN STA,ACE,0.81,3.96,0.02,0.1,933130
27,10001,17310,40932,44,11228,R012,N072,34 ST-PENN STA,ACE,0.81,3.96,0.02,0.1,2690970
27,10001,17310,40932,44,11228,R013,N071,34 ST-PENN STA,ACE,0.81,3.96,0.02,0.1,659466
27,10001,17310,40932,44,11228,R013,N069,34 ST-PENN STA,ACE,0.81,3.96,0.02,0.1,582090
27,10001,17310,40932,44,11228,R013,N073,34 ST-PENN STA,ACE,0.81,3.96,0.02,0.1,561957
27,10001,17310,40932,44,11228,R031,R141,34 ST-PENN STA,123,0.81,3.96,0.02,0.1,1322681
27,10001,17310,40932,44,11228,R031,R135,34 ST-PENN STA,123,0.81,3.96,0.02,0.1,1194064
27,10001,17310,40932,44,11228,R031,R137,34 ST-PENN STA,123,0.81,3.96,0.02,0.1,316273
27,10001,17310,40932,44,11228,R031,R139,34 ST-PENN STA,123,0.81,3.96,0.02,0.1,554491
27,10001,17310,40932,44,11228,R293,R138,34 ST-PENN STA,123ACE,0.81,3.96,0.02,0.1,4809803
27,10001,17310,40932,44,11228,R293,R142,34 ST-PENN STA,123ACE,0.81,3.96,0.02,0.1,925836
28,10009,58595,40176,2,11980,R248,H007,1 AVE,L,0.8,0.18,0.02,0.0,1360820
28,10009,58595,40176,2,11980,R248,H008,1 AVE,L,0.8,0.18,0.02,0.0,1081203
29,10013,25042,38304,51,13643,R118,A066,CANAL ST,JNQRZ6,0.76,4.59,0.02,0.12,1279426
29,10013,25042,38304,51,13643,R139,N089,CANAL ST,ACE,0.76,4.59,0.02,0.12,1291000
29,10013,25042,38304,51,13643,R139,N090,CANAL ST,ACE,0.76,4.59,0.02,0.12,659172
29,10013,25042,38304,51,13643,R320,R119,CANAL ST,1,0.76,4.59,0.02,0.12,479209
29,10013,25042,38304,51,13643,R320,R120,CANAL ST,1,0.76,4.59,0.02,0.12,115744
29,10013,25042,38304,51,13643,R462,A043,CANAL ST,JNQRZ6,0.76,4.59,0.02,0.12,1445245
29,10013,25042,38304,51,13643,R463,A046,CANAL ST,JNQRZ6,0.76,4.59,0.02,0.12,2272447
29,10013,25042,38304,51,13643,R343,R117,FRANKLIN ST,1,0.76,4.59,0.02,0.12,464946
29,10013,25042,38304,51,13643,R343,R118,FRANKLIN ST,1,0.76,4.59,0.02,0.12,87224
30,10033,58259,31348,0,21836,R126,N010,175 ST,A,0.62,0.0,0.02,0.0,1078773
30,10033,58259,31348,0,21836,R126,N011,175 ST,A,0.62,0.0,0.02,0.0,284320
30,10033,58259,31348,0,21836,R174,N007A,181 ST,A,0.62,0.0,0.02,0.0,609427
30,10033,58259,31348,0,21836,R174,N009,181 ST,A,0.62,0.0,0.02,0.0,536011
30,10033,58259,31348,0,21836,R260,R183,181 ST,1,0.62,0.0,0.02,0.0,1174096
31,10038,15574,31316,3,21877,R014,N095,FULTON ST,ACJZ2345,0.62,0.27,0.02,0.01,2616425
31,10038,15574,31316,3,21877,R014,R206,FULTON ST,2345ACJZ,0.62,0.27,0.02,0.01,280445
31,10038,15574,31316,3,21877,R014,R208,FULTON ST,2345ACJZ,0.62,0.27,0.02,0.01,401054
31,10038,15574,31316,3,21877,R014,R205A,FULTON ST,2345ACJZ,0.62,0.27,0.02,0.01,1088104
31,10038,15574,31316,3,21877,R028,R113,FULTON ST,2345ACJZ,0.62,0.27,0.02,0.01,646622
31,10038,15574,31316,3,21877,R028,R114,FULTON ST,2345ACJZ,0.62,0.27,0.02,0.01,211087
31,10038,15574,31316,3,21877,R027,R111,WALL ST,23,0.62,0.27,0.02,0.01,854237
31,10038,15574,31316,3,21877,R027,R110,WALL ST,23,0.62,0.27,0.02,0.01,1037153
31,10038,15574,31316,3,21877,R027,R112,WALL ST,23,0.62,0.27,0.02,0.01,305651
31,10038,15574,31316,3,21877,R027,R112A,WALL ST,23,0.62,0.27,0.02,0.01,304585
32,10034,41756,29479,0,24169,R037,R188,207 ST,1,0.59,0.0,0.02,0.0,674908
32,10034,41756,29479,0,24169,R038,R190,215 ST,1,0.59,0.0,0.02,0.0,195967
32,10034,41756,29479,0,24169,R185,N003,DYCKMAN-200 ST,A,0.59,0.0,0.02,0.0,717887
32,10034,41756,29479,0,24169,R173,N002A,INWOOD-207 ST,A,0.59,0.0,0.02,0.0,577088
32,10034,41756,29479,0,24169,R173,N001,INWOOD-207 ST,A,0.59,0.0,0.02,0.0,402006
33,10040,46599,27905,0,25782,R280,N006A,190 ST,A,0.56,0.0,0.01,0.0,490518
33,10040,46599,27905,0,25782,R274,R185,191 ST,1,0.56,0.0,0.01,0.0,831091
33,10040,46599,27905,0,25782,R036,R186,DYCKMAN ST,1,0.56,0.0,0.01,0.0,733776
34,10037,16984,26561,0,27057,R207,R306,135 ST,23,0.53,0.0,0.01,0.0,1151046
34,10037,16984,26561,0,27057,R207,R307,135 ST,23,0.53,0.0,0.01,0.0,400722
34,10037,16984,26561,0,27057,R144,R251,96 ST,6,0.53,0.0,0.01,0.0,2806284
35,10032,63842,26237,0,27371,R331,N017,155 ST,C,0.52,0.0,0.01,0.0,264651
35,10032,63842,26237,0,27371,R193,R180,157 ST,1,0.52,0.0,0.01,0.0,875322
35,10032,63842,26237,0,27371,R193,R179,157 ST,1,0.52,0.0,0.01,0.0,253664
35,10032,63842,26237,0,27371,R296,N016A,163 ST-AMSTERDM,C,0.52,0.0,0.01,0.0,446519
35,10032,63842,26237,0,27371,R035,N012,168 ST-BROADWAY,1AC,0.52,0.0,0.01,0.0,749232
35,10032,63842,26237,0,27371,R035,N013,168 ST-BROADWAY,AC1,0.52,0.0,0.01,0.0,604053
35,10032,63842,26237,0,27371,R035,R182,168 ST-BROADWAY,1AC,0.52,0.0,0.01,0.0,1142476
36,10031,60221,24285,0,28645,R169,R176,137 ST-CITY COL,1,0.48,0.0,0.01,0.0,1119103
36,10031,60221,24285,0,28645,R169,R175,137 ST-CITY COL,1,0.48,0.0,0.01,0.0,246306
36,10031,60221,24285,0,28645,R101,N020,145 ST,ABCD,0.48,0.0,0.01,0.0,1723770
36,10031,60221,24285,0,28645,R101,N019,145 ST,ABCD,0.48,0.0,0.01,0.0,727107
36,10031,60221,24285,0,28645,R273,R178,145 ST,1,0.48,0.0,0.01,0.0,827961
36,10031,60221,24285,0,28645,R273,R177,145 ST,1,0.48,0.0,0.01,0.0,254911
37,10002,84870,24022,3,28798,R300,N523,2 AVE,F,0.48,0.27,0.01,0.01,1149682
37,10002,84870,24022,3,28798,R300,N521,2 AVE,F,0.48,0.27,0.01,0.01,597772
37,10002,84870,24022,3,28798,R142,N525,DELANCEY ST,FJMZ,0.48,0.27,0.01,0.01,996394
37,10002,84870,24022,3,28798,R142,N526,DELANCEY ST,FJMZ,0.48,0.27,0.01,0.01,519713
37,10002,84870,24022,3,28798,R257,N529,EAST BROADWAY,F,0.48,0.27,0.01,0.01,645645
37,10002,84870,24022,3,28798,R257,N528,EAST BROADWAY,F,0.48,0.27,0.01,0.01,771744
37,10002,84870,24022,3,28798,R142,A061,ESSEX ST,FJMZ,0.48,0.27,0.01,0.01,889525
37,10002,84870,24022,3,28798,R240,N520,GRAND ST,BD,0.48,0.27,0.01,0.01,2538761
38,10027,56168,23150,0,29273,R159,R173,116 ST-COLUMBIA,1,0.46,0.0,0.01,0.0,1352455
38,10027,56168,23150,0,29273,R034,R174,125 ST,1,0.46,0.0,0.01,0.0,805451
38,10027,56168,23150,0,29273,R102,N026,125 ST,ACBD,0.46,0.0,0.01,0.0,2368572
38,10027,56168,23150,0,29273,R102,N025,125 ST,ACBD,0.46,0.0,0.01,0.0,693787
38,10027,56168,23150,0,29273,R206,R304,125 ST,23,0.46,0.0,0.01,0.0,819091
38,10027,56168,23150,0,29273,R206,R305,125 ST,23,0.46,0.0,0.01,0.0,555571
39,10026,30377,22491,1,29581,R323,R301,110 ST-CPN,23,0.45,0.09,0.01,0.0,1007352
39,10026,30377,22491,1,29581,R324,R303,116 ST,23,0.45,0.09,0.01,0.0,334697
39,10026,30377,22491,1,29581,R324,R302,116 ST,23,0.45,0.09,0.01,0.0,898774
39,10026,30377,22491,1,29581,R333,N030,116 ST,BC,0.45,0.09,0.01,0.0,486197
39,10026,30377,22491,1,29581,R333,N029,116 ST,BC,0.45,0.09,0.01,0.0,201896
39,10026,30377,22491,1,29581,R334,N035,CATHEDRL-110 ST,BC,0.45,0.09,0.01,0.0,414899
39,10026,30377,22491,1,29581,R334,N034,CATHEDRL-110 ST,BC,0.45,0.09,0.01,0.0,355433
40,10029,75390,22232,0,29691,R180,R252,103 ST,6,0.44,0.0,0.01,0.0,747358
40,10029,75390,22232,0,29691,R181,R253,110 ST,6,0.44,0.0,0.01,0.0,386064
40,10029,75390,22232,0,29691,R181,R254,110 ST,6,0.44,0.0,0.01,0.0,1073005
40,10029,75390,22232,0,29691,R182,R256,116 ST,6,0.44,0.0,0.01,0.0,1026762
40,10029,75390,22232,0,29691,R182,R257,116 ST,6,0.44,0.0,0.01,0.0,642089
41,10030,25847,17970,0,30962,R332,N024,135 ST,BC,0.36,0.0,0.01,0.0,218429
41,10030,25847,17970,0,30962,R332,N023,135 ST,BC,0.36,0.0,0.01,0.0,120712
41,10030,25847,17970,0,30962,R332,N022,135 ST,BC,0.36,0.0,0.01,0.0,166885
41,10030,25847,17970,0,30962,R344,R308,145 ST,3,0.36,0.0,0.01,0.0,363499
42,10039,21737,17370,0,31063,R345,R309,148 ST-LENOX,3,0.35,0.0,0.01,0.0,391942
42,10039,21737,17370,0,31063,R315,N202,155 ST,BD,0.35,0.0,0.01,0.0,416499
43,10035,32702,14896,0,31403,R132,R258,125 ST,456,0.3,0.0,0.01,0.0,2579891
43,10035,32702,14896,0,31403,R016,N305A,LEXINGTON-53 ST,EM6,0.3,0.0,0.01,0.0,725807
43,10035,32702,14896,0,31403,R017,N306,LEXINGTON-53 ST,EM6,0.3,0.0,0.01,0.0,2324118
43,10035,32702,14896,0,31403,R017,N305,LEXINGTON-53 ST,EM6,0.3,0.0,0.01,0.0,1061062
