rank,zip,population,income,startups,national_rank,ca,unit,station,line,income_index,startups_index,income_prop,startups_prop
1,10007,3522,112947,4,132,R044,R210,BROOKLYN BRIDGE,456JZ,2.25,0.36,0.06,0.01
1,10007,3522,112947,4,132,R044,R210A,BROOKLYN BRIDGE,JZ456,2.25,0.36,0.06,0.01
1,10007,3522,112947,4,132,R029,N091,CHAMBERS ST,ACE23,2.25,0.36,0.06,0.01
1,10007,3522,112947,4,132,R029,N092,CHAMBERS ST,ACE23,2.25,0.36,0.06,0.01
1,10007,3522,112947,4,132,R030,R116,CHAMBERS ST,123,2.25,0.36,0.06,0.01
1,10007,3522,112947,4,132,R044,A069,CHAMBERS ST,456JZ,2.25,0.36,0.06,0.01
1,10007,3522,112947,4,132,R044,A071,CHAMBERS ST,JZ456,2.25,0.36,0.06,0.01
1,10007,3522,112947,4,132,R087,A047,MURRAY ST-B'WAY,R,2.25,0.36,0.06,0.01
1,10007,3522,112947,4,132,R029,R115,PARK PLACE,23ACE,2.25,0.36,0.06,0.01
1,10007,3522,112947,4,132,R029,N094,WORLD TRADE CTR,23ACE,2.25,0.36,0.06,0.01
4,10004,1225,101868,7,238,R076,MCC07,2 BDWY CUST SRV,45,2.03,0.63,0.05,0.02
4,10004,1225,101868,7,238,R125,A083,BROAD ST,JZ,2.03,0.63,0.05,0.02
4,10004,1225,101868,7,238,R125,A084,BROAD ST,JZ,2.03,0.63,0.05,0.02
4,10004,1225,101868,7,238,R125,A085,BROAD ST,JZ,2.03,0.63,0.05,0.02
4,10004,1225,101868,7,238,R001,R101S,SOUTH FERRY,R1,2.03,0.63,0.05,0.02
4,10004,1225,101868,7,238,R001,A060,WHITEHALL ST,R1,2.03,0.63,0.05,0.02
4,10004,1225,101868,7,238,R001,A058,WHITEHALL ST,R1,2.03,0.63,0.05,0.02
7,10006,1447,81334,2,766,R227,A055,RECTOR ST,R,1.62,0.18,0.04,0.0
7,10006,1447,81334,2,766,R227,A054,RECTOR ST,R,1.62,0.18,0.04,0.0
7,10006,1447,81334,2,766,R304,R103,RECTOR ST,1,1.62,0.18,0.04,0.0
7,10006,1447,81334,2,766,R304,R102,RECTOR ST,1,1.62,0.18,0.04,0.0
8,10022,30642,80406,6,820,R015,N303,5 AVE-53 ST,EM,1.6,0.54,0.04,0.01
8,10022,30642,80406,6,820,R015,N304,5 AVE-53 ST,EM,1.6,0.54,0.04,0.01
8,10022,30642,80406,6,820,R049,R243,51 ST,6,1.6,0.54,0.04,0.01
8,10022,30642,80406,6,820,R049,R242,51 ST,6,1.6,0.54,0.04,0.01
8,10022,30642,80406,6,820,R049,R242A,51 ST,6,1.6,0.54,0.04,0.01
8,10022,30642,80406,6,820,R050,R244,59 ST,456NQR,1.6,0.54,0.04,0.01
8,10022,30642,80406,6,820,R050,R244A,59 ST,456NQR,1.6,0.54,0.04,0.01
8,10022,30642,80406,6,820,R051,R245,59 ST,456NQR,1.6,0.54,0.04,0.01
8,10022,30642,80406,6,820,R051,R245A,59 ST,456NQR,1.6,0.54,0.04,0.01
8,10022,30642,80406,6,820,R050,A004,LEXINGTON AVE,456NQR,1.6,0.54,0.04,0.01
8,10022,30642,80406,6,820,R051,A002,LEXINGTON AVE,456NQR,1.6,0.54,0.04,0.01
8,10022,30642,80406,6,820,R468,TRAM1,RIT-MANHATTAN,R,1.6,0.54,0.04,0.01
9,10005,884,79517,4,860,R043,R203,WALL ST,45,1.58,0.36,0.04,0.01
9,10005,884,79517,4,860,R043,R203A,WALL ST,45,1.58,0.36,0.04,0.01
9,10005,884,79517,4,860,R043,R204,WALL ST,45,1.58,0.36,0.04,0.01
9,10005,884,79517,4,860,R043,R204A,WALL ST,45,1.58,0.36,0.04,0.01
10,10024,61414,78066,5,935,R166,R162,79 ST,1,1.55,0.45,0.04,0.01
10,10024,61414,78066,5,935,R166,R163,79 ST,1,1.55,0.45,0.04,0.01
10,10024,61414,78066,5,935,R167,R164,86 ST,1,1.55,0.45,0.04,0.01
10,10024,61414,78066,5,935,R167,R165,86 ST,1,1.55,0.45,0.04,0.01
10,10024,61414,78066,5,935,R167,R166,86 ST,1,1.55,0.45,0.04,0.01
10,10024,61414,78066,5,935,R186,N043,86 ST,BC,1.55,0.45,0.04,0.01
10,10024,61414,78066,5,935,R186,N042,86 ST,BC,1.55,0.45,0.04,0.01
11,10028,44987,77565,1,955,R179,R250,86 ST,456,1.54,0.09,0.04,0.0
11,10028,44987,77565,1,955,R179,R249,86 ST,456,1.54,0.09,0.04,0.0
12,10021,102078,75472,2,1082,R319,N601,LEXINGTON AVE,F,1.5,0.18,0.04,0.0
13,10023,62206,72424,4,1297,R084,N049,59 ST-COLUMBUS,1ABCD,1.44,0.36,0.04,0.01
13,10023,62206,72424,4,1297,R084,N051,59 ST-COLUMBUS,ABCD1,1.44,0.36,0.04,0.01
13,10023,62206,72424,4,1297,R084,R158,59 ST-COLUMBUS,1ABCD,1.44,0.36,0.04,0.01
13,10023,62206,72424,4,1297,R281,N046,72 ST,BC,1.44,0.36,0.04,0.01
13,10023,62206,72424,4,1297,R452,R161B,72 ST,123,1.44,0.36,0.04,0.01
13,10023,62206,72424,4,1297,R452,R161A,72 ST,123,1.44,0.36,0.04,0.01
13,10023,62206,72424,4,1297,R187,N044,81 ST-MUSEUM,BC,1.44,0.36,0.04,0.01
13,10023,62206,72424,4,1297,R187,N045,81 ST-MUSEUM,BC,1.44,0.36,0.04,0.01
15,10017,16201,69273,5,1611,R045,R236,42 ST-GRD CNTRL,4567S,1.38,0.45,0.04,0.01
15,10017,16201,69273,5,1611,R045,R233,42 ST-GRD CNTRL,4567S,1.38,0.45,0.04,0.01
15,10017,16201,69273,5,1611,R046,R238,42 ST-GRD CNTRL,4567S,1.38,0.45,0.04,0.01
15,10017,16201,69273,5,1611,R046,R237,42 ST-GRD CNTRL,4567S,1.38,0.45,0.04,0.01
15,10017,16201,69273,5,1611,R046,R238A,42 ST-GRD CNTRL,4567S,1.38,0.45,0.04,0.01
15,10017,16201,69273,5,1611,R047,R240,42 ST-GRD CNTRL,4567S,1.38,0.45,0.04,0.01
15,10017,16201,69273,5,1611,R047,R237B,42 ST-GRD CNTRL,4567S,1.38,0.45,0.04,0.01
15,10017,16201,69273,5,1611,R048,R241A,42 ST-GRD CNTRL,4567S,1.38,0.45,0.04,0.01
16,10014,32667,66601,20,1931,R290,R123,HOUSTON ST,1,1.33,1.8,0.03,0.05
16,10014,32667,66601,20,1931,R290,R121,HOUSTON ST,1,1.33,1.8,0.03,0.05
16,10014,32667,66601,20,1931,R290,R122,HOUSTON ST,1,1.33,1.8,0.03,0.05
16,10014,32667,66601,20,1931,R290,R124,HOUSTON ST,1,1.33,1.8,0.03,0.05
17,10016,51217,66342,27,1954,R143,R228,28 ST,6,1.32,2.43,0.03,0.06
17,10016,51217,66342,27,1954,R143,R229,28 ST,6,1.32,2.43,0.03,0.06
17,10016,51217,66342,27,1954,R143,R230,28 ST,6,1.32,2.43,0.03,0.06
17,10016,51217,66342,27,1954,R176,R231,33 ST,6,1.32,2.43,0.03,0.06
17,10016,51217,66342,27,1954,R176,R231A,33 ST,6,1.32,2.43,0.03,0.06
17,10016,51217,66342,27,1954,R176,R232,33 ST,6,1.32,2.43,0.03,0.06
17,10016,51217,66342,27,1954,R176,R232A,33 ST,6,1.32,2.43,0.03,0.06
18,10010,26408,62467,56,2471,R131,R227,23 ST,6,1.24,5.04,0.03,0.13
18,10010,26408,62467,56,2471,R131,R227A,23 ST,6,1.24,5.04,0.03,0.13
18,10010,26408,62467,56,2471,R131,R226,23 ST,6,1.24,5.04,0.03,0.13
18,10010,26408,62467,56,2471,R131,R226A,23 ST,6,1.24,5.04,0.03,0.13
18,10010,26408,62467,56,2471,R083,A031,23 ST-5 AVE,NR,1.24,5.04,0.03,0.13
18,10010,26408,62467,56,2471,R083,A030,23 ST-5 AVE,NR,1.24,5.04,0.03,0.13
19,10011,46669,61986,36,2569,R105,R127,14 ST,123FLM,1.23,3.24,0.03,0.09
19,10011,46669,61986,36,2569,R105,R128,14 ST,123FLM,1.23,3.24,0.03,0.09
19,10011,46669,61986,36,2569,R175,N078,14 ST,ACEL,1.23,3.24,0.03,0.09
19,10011,46669,61986,36,2569,R163,N512,14 ST-6 AVE,FLM123,1.23,3.24,0.03,0.09
19,10011,46669,61986,36,2569,R163,N510,14 ST-6 AVE,FLM123,1.23,3.24,0.03,0.09
19,10011,46669,61986,36,2569,R163,N511,14 ST-6 AVE,FLM123,1.23,3.24,0.03,0.09
19,10011,46669,61986,36,2569,R163,N513,14 ST-6 AVE,FLM123,1.23,3.24,0.03,0.09
19,10011,46669,61986,36,2569,R545,PTH11,14TH STREET,1,1.23,3.24,0.03,0.09
19,10011,46669,61986,36,2569,R321,R129,18 ST,1,1.23,3.24,0.03,0.09
19,10011,46669,61986,36,2569,R321,R130,18 ST,1,1.23,3.24,0.03,0.09
19,10011,46669,61986,36,2569,R111,N076,23 ST,CE,1.23,3.24,0.03,0.09
19,10011,46669,61986,36,2569,R111,N075,23 ST,CE,1.23,3.24,0.03,0.09
19,10011,46669,61986,36,2569,R111,N077,23 ST,CE,1.23,3.24,0.03,0.09
19,10011,46669,61986,36,2569,R190,R131,23 ST,1,1.23,3.24,0.03,0.09
19,10011,46669,61986,36,2569,R190,R132,23 ST,1,1.23,3.24,0.03,0.09
19,10011,46669,61986,36,2569,R453,N508,23 ST-6 AVE,FM,1.23,3.24,0.03,0.09
19,10011,46669,61986,36,2569,R163,H003,6 AVE,FLM123,1.23,3.24,0.03,0.09
19,10011,46669,61986,36,2569,R175,H001,8 AVE,ACEL,1.23,3.24,0.03,0.09
19,10011,46669,61986,36,2569,R189,R125,CHRISTOPHER ST,1,1.23,3.24,0.03,0.09
19,10011,46669,61986,36,2569,R189,R126,CHRISTOPHER ST,1,1.23,3.24,0.03,0.09
19,10011,46669,61986,36,2569,R542,PTH12,TWENTY THIRD ST,1,1.23,3.24,0.03,0.09
19,10011,46669,61986,36,2569,R138,N080,W 4 ST-WASH SQ,ABCDEFM,1.23,3.24,0.03,0.09
19,10011,46669,61986,36,2569,R138,N083,W 4 ST-WASH SQ,ABCDEFM,1.23,3.24,0.03,0.09
20,10003,53673,60891,55,2796,R170,A035,14 ST-UNION SQ,LNQR456,1.21,4.95,0.03,0.13
20,10003,53673,60891,55,2796,R170,A033,14 ST-UNION SQ,456LNQR,1.21,4.95,0.03,0.13
20,10003,53673,60891,55,2796,R170,A034,14 ST-UNION SQ,LNQR456,1.21,4.95,0.03,0.13
20,10003,53673,60891,55,2796,R170,A036,14 ST-UNION SQ,LNQR456,1.21,4.95,0.03,0.13
20,10003,53673,60891,55,2796,R170,A037,14 ST-UNION SQ,LNRQ456,1.21,4.95,0.03,0.13
20,10003,53673,60891,55,2796,R170,R221,14 ST-UNION SQ,LNQR456,1.21,4.95,0.03,0.13
20,10003,53673,60891,55,2796,R330,H005,3 AVE,L,1.21,4.95,0.03,0.13
20,10003,53673,60891,55,2796,R330,H006,3 AVE,L,1.21,4.95,0.03,0.13
20,10003,53673,60891,55,2796,R085,A038,8 ST-B'WAY NYU,NR,1.21,4.95,0.03,0.13
20,10003,53673,60891,55,2796,R085,A039,8 ST-B'WAY NYU,NR,1.21,4.95,0.03,0.13
20,10003,53673,60891,55,2796,R160,R219,ASTOR PLACE,6,1.21,4.95,0.03,0.13
20,10003,53673,60891,55,2796,R160,R220,ASTOR PLACE,6,1.21,4.95,0.03,0.13
20,10003,53673,60891,55,2796,R041,R201,BOWLING GREEN,45,1.21,4.95,0.03,0.13
20,10003,53673,60891,55,2796,R041,R200A,BOWLING GREEN,45,1.21,4.95,0.03,0.13
20,10003,53673,60891,55,2796,R042,R202,BOWLING GREEN,45,1.21,4.95,0.03,0.13
20,10003,53673,60891,55,2796,R461,N519,BROADWAY/LAFAY,BDFQ6,1.21,4.95,0.03,0.13
20,10003,53673,60891,55,2796,R461,N519A,BROADWAY/LAFAY,BDFQ6,1.21,4.95,0.03,0.13
20,10003,53673,60891,55,2796,R086,A041,PRINCE ST-B'WAY,NR,1.21,4.95,0.03,0.13
20,10003,53673,60891,55,2796,R086,A042,PRINCE ST-B'WAY,NR,1.21,4.95,0.03,0.13
21,10012,26000,58313,34,3310,R194,R217A,BLEECKER ST,6DF,1.16,3.06,0.03,0.08
21,10012,26000,58313,34,3310,R311,A064,BOWERY,JZ,1.16,3.06,0.03,0.08
21,10012,26000,58313,34,3310,R282,N086,SPRING ST,CE,1.16,3.06,0.03,0.08
21,10012,26000,58313,34,3310,R282,N087,SPRING ST,CE,1.16,3.06,0.03,0.08
21,10012,26000,58313,34,3310,R322,R215,SPRING ST,6,1.16,3.06,0.03,0.08
21,10012,26000,58313,34,3310,R322,R216,SPRING ST,6,1.16,3.06,0.03,0.08
22,10019,36012,55869,8,3901,R203,N509,23 ST-6 AVE,FM,1.11,0.72,0.03,0.02
22,10019,36012,55869,8,3901,R021,N503,42 ST-BRYANT PK,BDFM7,1.11,0.72,0.03,0.02
22,10019,36012,55869,8,3901,R021,N502,42 ST-BRYANT PK,BDFM7,1.11,0.72,0.03,0.02
22,10019,36012,55869,8,3901,R021,N504,42 ST-BRYANT PK,BDFM7,1.11,0.72,0.03,0.02
22,10019,36012,55869,8,3901,R032,A021,42 ST-TIMES SQ,1237ACENQRS,1.11,0.72,0.03,0.02
22,10019,36012,55869,8,3901,R032,R145,42 ST-TIMES SQ,1237ACENQRS,1.11,0.72,0.03,0.02
22,10019,36012,55869,8,3901,R032,R143,42 ST-TIMES SQ,ACENQRS1237,1.11,0.72,0.03,0.02
22,10019,36012,55869,8,3901,R032,R146,42 ST-TIMES SQ,1237ACENQRS,1.11,0.72,0.03,0.02
22,10019,36012,55869,8,3901,R033,R151,42 ST-TIMES SQ,1237ACENQRS,1.11,0.72,0.03,0.02
22,10019,36012,55869,8,3901,R033,R148,42 ST-TIMES SQ,1237ACENQRS,1.11,0.72,0.03,0.02
22,10019,36012,55869,8,3901,R033,R150,42 ST-TIMES SQ,1237ACENQRS,1.11,0.72,0.03,0.02
22,10019,36012,55869,8,3901,R033,R153,42 ST-TIMES SQ,1237ACENQRS,1.11,0.72,0.03,0.02
22,10019,36012,55869,8,3901,R033,R147,42 ST-TIMES SQ,1237ACENQRS,1.11,0.72,0.03,0.02
22,10019,36012,55869,8,3901,R081,A015,49 ST-7 AVE,NQR,1.11,0.72,0.03,0.02
22,10019,36012,55869,8,3901,R081,A013,49 ST-7 AVE,NQR,1.11,0.72,0.03,0.02
22,10019,36012,55869,8,3901,R081,A014,49 ST-7 AVE,NQR,1.11,0.72,0.03,0.02
22,10019,36012,55869,8,3901,R081,A016,49 ST-7 AVE,NQR,1.11,0.72,0.03,0.02
22,10019,36012,55869,8,3901,R116,R154,50 ST,1,1.11,0.72,0.03,0.02
22,10019,36012,55869,8,3901,R116,R155,50 ST,1,1.11,0.72,0.03,0.02
22,10019,36012,55869,8,3901,R188,N057,50 ST,CE,1.11,0.72,0.03,0.02
22,10019,36012,55869,8,3901,R188,N056,50 ST,CE,1.11,0.72,0.03,0.02
22,10019,36012,55869,8,3901,R302,N600,57 ST,F,1.11,0.72,0.03,0.02
22,10019,36012,55869,8,3901,R080,A010,57 ST-7 AVE,NQR,1.11,0.72,0.03,0.02
22,10019,36012,55869,8,3901,R080,A011,57 ST-7 AVE,NQR,1.11,0.72,0.03,0.02
22,10019,36012,55869,8,3901,R113,N301,7 AVE-53 ST,BDE,1.11,0.72,0.03,0.02
22,10019,36012,55869,8,3901,R113,N300,7 AVE-53 ST,BDE,1.11,0.72,0.03,0.02
22,10019,36012,55869,8,3901,R541,PTH17,THIRTY THIRD ST,1,1.11,0.72,0.03,0.02
23,10044,9520,49976,0,5953,R259,N602,ROOSEVELT IS,F,0.99,0.0,0.03,0.0
24,10025,97086,49733,1,6044,R191,R170,103 ST,1,0.99,0.09,0.03,0.0
24,10025,97086,49733,1,6044,R314,N037,103 ST,BC,0.99,0.09,0.03,0.0
24,10025,97086,49733,1,6044,R192,R172,110 ST-CATHEDRL,1,0.99,0.09,0.03,0.0
24,10025,97086,49733,1,6044,R192,R171,110 ST-CATHEDRL,1,0.99,0.09,0.03,0.0
24,10025,97086,49733,1,6044,R164,R160A,66 ST-LINCOLN,1,0.99,0.09,0.03,0.0
24,10025,97086,49733,1,6044,R164,R159,66 ST-LINCOLN,1,0.99,0.09,0.03,0.0
24,10025,97086,49733,1,6044,R164,R160,66 ST-LINCOLN,1,0.99,0.09,0.03,0.0
24,10025,97086,49733,1,6044,R168,R168A,96 ST,123,0.99,0.09,0.03,0.0
24,10025,97086,49733,1,6044,R168,R168,96 ST,123,0.99,0.09,0.03,0.0
24,10025,97086,49733,1,6044,R251,N040,96 ST,BC,0.99,0.09,0.03,0.0
24,10025,97086,49733,1,6044,R251,N039,96 ST,BC,0.99,0.09,0.03,0.0
25,10018,4255,48705,23,6447,R054,R501,5 AVE-BRYANT PK,7BDFM,0.97,2.07,0.03,0.05
25,10018,4255,48705,23,6447,R054,R500,5 AVE-BRYANT PK,7BDFM,0.97,2.07,0.03,0.05
26,10036,18751,41002,18,11152,R010,N062A,42 ST-PA BUS TE,ACENQRS1237,0.82,1.62,0.02,0.04
26,10036,18751,41002,18,11152,R010,N060,42 ST-PA BUS TE,ACENQRS1237,0.82,1.62,0.02,0.04
26,10036,18751,41002,18,11152,R011,N063A,42 ST-PA BUS TE,ACENQRS1237,0.82,1.62,0.02,0.04
26,10036,18751,41002,18,11152,R011,N062,42 ST-PA BUS TE,ACENQRS1237,0.82,1.62,0.02,0.04
26,10036,18751,41002,18,11152,R011,N063,42 ST-PA BUS TE,ACENQRS1237,0.82,1.62,0.02,0.04
26,10036,18751,41002,18,11152,R020,N500,47-50 ST-ROCK,BDFM,0.82,1.62,0.02,0.04
26,10036,18751,41002,18,11152,R020,N501,47-50 ST-ROCK,BDFM,0.82,1.62,0.02,0.04
26,10036,18751,41002,18,11152,R020,N501A,47-50 ST-ROCK,BDFM,0.82,1.62,0.02,0.04
27,10001,17310,40932,44,11228,R272,R133,28 ST,1,0.81,3.96,0.02,0.1
27,10001,17310,40932,44,11228,R272,R134,28 ST,1,0.81,3.96,0.02,0.1
27,10001,17310,40932,44,11228,R082,A029,28 ST-BROADWAY,NR,0.81,3.96,0.02,0.1
27,10001,17310,40932,44,11228,R082,A027,28 ST-BROADWAY,NR,0.81,3.96,0.02,0.1
27,10001,17310,40932,44,11228,R022,A022,34 ST-HERALD SQ,BDFMNQR,0.81,3.96,0.02,0.1
27,10001,17310,40932,44,11228,R022,N506,34 ST-HERALD SQ,BDFMNQR,0.81,3.96,0.02,0.1
27,10001,17310,40932,44,11228,R022,N505,34 ST-HERALD SQ,BDFMNQR,0.81,3.96,0.02,0.1
27,10001,17310,40932,44,11228,R023,A025,34 ST-HERALD SQ,BDFMNQR,0.81,3.96,0.02,0.1
27,10001,17310,40932,44,11228,R023,N507,34 ST-HERALD SQ,BDFMNQR,0.81,3.96,0.02,0.1
27,10001,17310,40932,44,11228,R012,N067,34 ST-PENN STA,ACE,0.81,3.96,0.02,0.1
27,10001,17310,40932,44,11228,R012,N065,34 ST-PENN STA,ACE,0.81,3.96,0.02,0.1
27,10001,17310,40932,44,11228,R012,N068,34 ST-PENN STA,ACE,0.81,3.96,0.02,0.1
27,10001,17310,40932,44,11228,R012,N070,34 ST-PENN STA,ACE,0.81,3.96,0.02,0.1
27,10001,17310,40932,44,11228,R012,N072,34 ST-PENN STA,ACE,0.81,3.96,0.02,0.1
27,10001,17310,40932,44,11228,R013,N071,34 ST-PENN STA,ACE,0.81,3.96,0.02,0.1
27,10001,17310,40932,44,11228,R013,N069,34 ST-PENN STA,ACE,0.81,3.96,0.02,0.1
27,10001,17310,40932,44,11228,R013,N073,34 ST-PENN STA,ACE,0.81,3.96,0.02,0.1
27,10001,17310,40932,44,11228,R031,R141,34 ST-PENN STA,123,0.81,3.96,0.02,0.1
27,10001,17310,40932,44,11228,R031,R135,34 ST-PENN STA,123,0.81,3.96,0.02,0.1
27,10001,17310,40932,44,11228,R031,R137,34 ST-PENN STA,123,0.81,3.96,0.02,0.1
27,10001,17310,40932,44,11228,R031,R139,34 ST-PENN STA,123,0.81,3.96,0.02,0.1
27,10001,17310,40932,44,11228,R293,R138,34 ST-PENN STA,123ACE,0.81,3.96,0.02,0.1
27,10001,17310,40932,44,11228,R293,R142,34 ST-PENN STA,123ACE,0.81,3.96,0.02,0.1
28,10009,58595,40176,2,11980,R248,H007,1 AVE,L,0.8,0.18,0.02,0.0
28,10009,58595,40176,2,11980,R248,H008,1 AVE,L,0.8,0.18,0.02,0.0
29,10013,25042,38304,51,13643,R118,A066,CANAL ST,JNQRZ6,0.76,4.59,0.02,0.12
29,10013,25042,38304,51,13643,R139,N089,CANAL ST,ACE,0.76,4.59,0.02,0.12
29,10013,25042,38304,51,13643,R139,N090,CANAL ST,ACE,0.76,4.59,0.02,0.12
29,10013,25042,38304,51,13643,R320,R119,CANAL ST,1,0.76,4.59,0.02,0.12
29,10013,25042,38304,51,13643,R320,R120,CANAL ST,1,0.76,4.59,0.02,0.12
29,10013,25042,38304,51,13643,R462,A043,CANAL ST,JNQRZ6,0.76,4.59,0.02,0.12
29,10013,25042,38304,51,13643,R462,A044,CANAL ST,JNQRZ6,0.76,4.59,0.02,0.12
29,10013,25042,38304,51,13643,R463,A046,CANAL ST,JNQRZ6,0.76,4.59,0.02,0.12
29,10013,25042,38304,51,13643,R463,R214,CANAL ST,JNQRZ6,0.76,4.59,0.02,0.12
29,10013,25042,38304,51,13643,R343,R117,FRANKLIN ST,1,0.76,4.59,0.02,0.12
29,10013,25042,38304,51,13643,R343,R118,FRANKLIN ST,1,0.76,4.59,0.02,0.12
30,10033,58259,31348,0,21836,R126,N010,175 ST,A,0.62,0.0,0.02,0.0
30,10033,58259,31348,0,21836,R126,N011,175 ST,A,0.62,0.0,0.02,0.0
30,10033,58259,31348,0,21836,R174,N007A,181 ST,A,0.62,0.0,0.02,0.0
30,10033,58259,31348,0,21836,R174,N009,181 ST,A,0.62,0.0,0.02,0.0
30,10033,58259,31348,0,21836,R260,R183,181 ST,1,0.62,0.0,0.02,0.0
31,10038,15574,31316,3,21877,R002,A077,FULTON ST,ACJZ2345,0.62,0.27,0.02,0.01
31,10038,15574,31316,3,21877,R002,A081,FULTON ST,ACJZ2345,0.62,0.27,0.02,0.01
31,10038,15574,31316,3,21877,R002,A082,FULTON ST,ACJZ2345,0.62,0.27,0.02,0.01
31,10038,15574,31316,3,21877,R014,N095,FULTON ST,ACJZ2345,0.62,0.27,0.02,0.01
31,10038,15574,31316,3,21877,R014,R205,FULTON ST,ACJZ2345,0.62,0.27,0.02,0.01
31,10038,15574,31316,3,21877,R014,R206,FULTON ST,2345ACJZ,0.62,0.27,0.02,0.01
31,10038,15574,31316,3,21877,R014,R208,FULTON ST,2345ACJZ,0.62,0.27,0.02,0.01
31,10038,15574,31316,3,21877,R014,R205A,FULTON ST,2345ACJZ,0.62,0.27,0.02,0.01
31,10038,15574,31316,3,21877,R028,R113A,FULTON ST,2345ACJZ,0.62,0.27,0.02,0.01
31,10038,15574,31316,3,21877,R028,R113,FULTON ST,2345ACJZ,0.62,0.27,0.02,0.01
31,10038,15574,31316,3,21877,R028,R114,FULTON ST,2345ACJZ,0.62,0.27,0.02,0.01
31,10038,15574,31316,3,21877,R027,R111,WALL ST,23,0.62,0.27,0.02,0.01
31,10038,15574,31316,3,21877,R027,R110,WALL ST,23,0.62,0.27,0.02,0.01
31,10038,15574,31316,3,21877,R027,R112,WALL ST,23,0.62,0.27,0.02,0.01
31,10038,15574,31316,3,21877,R027,R112A,WALL ST,23,0.62,0.27,0.02,0.01
32,10034,41756,29479,0,24169,R037,R188,207 ST,1,0.59,0.0,0.02,0.0
32,10034,41756,29479,0,24169,R038,R190,215 ST,1,0.59,0.0,0.02,0.0
32,10034,41756,29479,0,24169,R185,N003,DYCKMAN-200 ST,A,0.59,0.0,0.02,0.0
32,10034,41756,29479,0,24169,R173,N002A,INWOOD-207 ST,A,0.59,0.0,0.02,0.0
32,10034,41756,29479,0,24169,R173,N001,INWOOD-207 ST,A,0.59,0.0,0.02,0.0
33,10040,46599,27905,0,25782,R280,N006A,190 ST,A,0.56,0.0,0.01,0.0
33,10040,46599,27905,0,25782,R274,R185,191 ST,1,0.56,0.0,0.01,0.0
33,10040,46599,27905,0,25782,R036,R186,DYCKMAN ST,1,0.56,0.0,0.01,0.0
34,10037,16984,26561,0,27057,R207,R306,135 ST,23,0.53,0.0,0.01,0.0
34,10037,16984,26561,0,27057,R207,R307,135 ST,23,0.53,0.0,0.01,0.0
34,10037,16984,26561,0,27057,R144,R251,96 ST,6,0.53,0.0,0.01,0.0
35,10032,63842,26237,0,27371,R331,N017,155 ST,C,0.52,0.0,0.01,0.0
35,10032,63842,26237,0,27371,R193,R180,157 ST,1,0.52,0.0,0.01,0.0
35,10032,63842,26237,0,27371,R193,R179,157 ST,1,0.52,0.0,0.01,0.0
35,10032,63842,26237,0,27371,R296,N016A,163 ST-AMSTERDM,C,0.52,0.0,0.01,0.0
35,10032,63842,26237,0,27371,R035,N012,168 ST-BROADWAY,1AC,0.52,0.0,0.01,0.0
35,10032,63842,26237,0,27371,R035,N013,168 ST-BROADWAY,AC1,0.52,0.0,0.01,0.0
35,10032,63842,26237,0,27371,R035,R182,168 ST-BROADWAY,1AC,0.52,0.0,0.01,0.0
36,10031,60221,24285,0,28645,R169,R176,137 ST-CITY COL,1,0.48,0.0,0.01,0.0
36,10031,60221,24285,0,28645,R169,R175,137 ST-CITY COL,1,0.48,0.0,0.01,0.0
36,10031,60221,24285,0,28645,R101,N020,145 ST,ABCD,0.48,0.0,0.01,0.0
36,10031,60221,24285,0,28645,R101,N019,145 ST,ABCD,0.48,0.0,0.01,0.0
36,10031,60221,24285,0,28645,R273,R178,145 ST,1,0.48,0.0,0.01,0.0
36,10031,60221,24285,0,28645,R273,R177,145 ST,1,0.48,0.0,0.01,0.0
37,10002,84870,24022,3,28798,R300,N523,2 AVE,F,0.48,0.27,0.01,0.01
37,10002,84870,24022,3,28798,R300,N521,2 AVE,F,0.48,0.27,0.01,0.01
37,10002,84870,24022,3,28798,R142,N525,DELANCEY ST,FJMZ,0.48,0.27,0.01,0.01
37,10002,84870,24022,3,28798,R142,N526,DELANCEY ST,FJMZ,0.48,0.27,0.01,0.01
37,10002,84870,24022,3,28798,R257,N529,EAST BROADWAY,F,0.48,0.27,0.01,0.01
37,10002,84870,24022,3,28798,R257,N528,EAST BROADWAY,F,0.48,0.27,0.01,0.01
37,10002,84870,24022,3,28798,R142,A061,ESSEX ST,FJMZ,0.48,0.27,0.01,0.01
37,10002,84870,24022,3,28798,R240,N520,GRAND ST,BD,0.48,0.27,0.01,0.01
38,10027,56168,23150,0,29273,R159,R173,116 ST-COLUMBIA,1,0.46,0.0,0.01,0.0
38,10027,56168,23150,0,29273,R034,R174,125 ST,1,0.46,0.0,0.01,0.0
38,10027,56168,23150,0,29273,R102,N026,125 ST,ACBD,0.46,0.0,0.01,0.0
38,10027,56168,23150,0,29273,R102,N025,125 ST,ACBD,0.46,0.0,0.01,0.0
38,10027,56168,23150,0,29273,R206,R304,125 ST,23,0.46,0.0,0.01,0.0
38,10027,56168,23150,0,29273,R206,R305,125 ST,23,0.46,0.0,0.01,0.0
39,10026,30377,22491,1,29581,R323,R301,110 ST-CPN,23,0.45,0.09,0.01,0.0
39,10026,30377,22491,1,29581,R324,R303,116 ST,23,0.45,0.09,0.01,0.0
39,10026,30377,22491,1,29581,R324,R302,116 ST,23,0.45,0.09,0.01,0.0
39,10026,30377,22491,1,29581,R333,N030,116 ST,BC,0.45,0.09,0.01,0.0
39,10026,30377,22491,1,29581,R333,N029,116 ST,BC,0.45,0.09,0.01,0.0
39,10026,30377,22491,1,29581,R334,N035,CATHEDRL-110 ST,BC,0.45,0.09,0.01,0.0
39,10026,30377,22491,1,29581,R334,N034,CATHEDRL-110 ST,BC,0.45,0.09,0.01,0.0
40,10029,75390,22232,0,29691,R180,R252,103 ST,6,0.44,0.0,0.01,0.0
40,10029,75390,22232,0,29691,R181,R253,110 ST,6,0.44,0.0,0.01,0.0
40,10029,75390,22232,0,29691,R181,R254,110 ST,6,0.44,0.0,0.01,0.0
40,10029,75390,22232,0,29691,R182,R256,116 ST,6,0.44,0.0,0.01,0.0
40,10029,75390,22232,0,29691,R182,R257,116 ST,6,0.44,0.0,0.01,0.0
41,10030,25847,17970,0,30962,R332,N024,135 ST,BC,0.36,0.0,0.01,0.0
41,10030,25847,17970,0,30962,R332,N023,135 ST,BC,0.36,0.0,0.01,0.0
41,10030,25847,17970,0,30962,R332,N022,135 ST,BC,0.36,0.0,0.01,0.0
41,10030,25847,17970,0,30962,R344,R308,145 ST,3,0.36,0.0,0.01,0.0
42,10039,21737,17370,0,31063,R345,R309,148 ST-LENOX,3,0.35,0.0,0.01,0.0
42,10039,21737,17370,0,31063,R315,N202,155 ST,BD,0.35,0.0,0.01,0.0
43,10035,32702,14896,0,31403,R132,R258,125 ST,456,0.3,0.0,0.01,0.0
43,10035,32702,14896,0,31403,R016,N305A,LEXINGTON-53 ST,EM6,0.3,0.0,0.01,0.0
43,10035,32702,14896,0,31403,R017,N306,LEXINGTON-53 ST,EM6,0.3,0.0,0.01,0.0
43,10035,32702,14896,0,31403,R017,N305,LEXINGTON-53 ST,EM6,0.3,0.0,0.01,0.0
